{
    "images": [
        {
            "filename": "outline_notifications_white_64pt_1x.png",
            "idiom": "universal",
            "scale": "1x",
            "size": "64x64"
        },
        {
            "filename": "outline_notifications_white_64pt_2x.png",
            "idiom": "universal",
            "scale": "2x",
            "size": "64x64"
        },
        {
            "filename": "outline_notifications_white_64pt_3x.png",
            "idiom": "universal",
            "scale": "3x",
            "size": "64x64"
        }
    ],
    "info": {
        "author": "xcode",
        "template-rendering-intent": "template",
        "version": 1
    }
}
